id,prediction
1,D E C
2,D E C
3,D E C
4,D E C
5,D E C
6,D E C
7,D E C
8,D E C
9,D E C
10,D E C
11,D E C
12,D E C
13,D E C
14,D E C
15,D E C
16,D E C
17,D E C
18,D E C
19,D E C
20,D E C
21,D E C
22,D E C
23,D E C
24,D E C
25,D E C
26,D E C
27,D E C
28,D E C
29,D E C
30,D E C
31,D E C
32,D E C
33,D E C
34,D E C
35,D E C
36,D E C
37,D E C
38,D E C
39,D E C
40,D E C
41,D E C
42,D E C
43,D E C
44,D E C
45,D E C
46,D E C
47,D E C
48,D E C
49,D E C
50,D E C
51,D E C
52,D E C
53,D E C
54,D E C
55,D E C
56,D E C
57,D E C
58,D E C
59,D E C
60,D E C
61,D E C
62,D E C
63,D E C
64,D E C
65,D E C
66,D E C
67,D E C
68,D E C
69,D E C
70,D E C
71,D E C
72,D E C
73,D E C
74,D E C
75,D E C
76,D E C
77,D E C
78,D E C
79,D E C
80,D E C
81,D E C
82,D E C
83,D E C
84,D E C
85,D E C
86,D E C
87,D E C
88,D E C
89,D E C
90,D E C
91,D E C
92,D E C
93,D E C
94,D E C
95,D E C
96,D E C
97,D E C
98,D E C
99,D E C
100,D E C
101,D E C
102,D E C
103,D E C
104,D E C
105,D E C
106,D E C
107,D E C
108,D E C
109,D E C
110,D E C
111,D E C
112,D E C
113,D E C
114,D E C
115,D E C
116,D E C
117,D E C
118,D E C
119,D E C
120,D E C
121,D E C
122,D E C
123,D E C
124,D E C
125,D E C
126,D E C
127,D E C
128,D E C
129,D E C
130,D E C
131,D E C
132,D E C
133,D E C
134,D E C
135,D E C
136,D E C
137,D E C
138,D E C
139,D E C
140,D E C
141,D E C
142,D E C
143,D E C
144,D E C
145,D E C
146,D E C
147,D E C
148,D E C
149,D E C
150,D E C
151,D E C
152,D E C
153,D E C
154,D E C
155,D E C
156,D E C
157,D E C
158,D E C
159,D E C
160,D E C
161,D E C
162,D E C
163,D E C
164,D E C
165,D E C
166,D E C
167,D E C
168,D E C
169,D E C
170,D E C
171,D E C
172,D E C
173,D E C
174,D E C
175,D E C
176,D E C
177,D E C
178,D E C
179,D E C
180,D E C
181,D E C
182,D E C
183,D E C
184,D E C
185,D E C
186,D E C
187,D E C
188,D E C
189,D E C
190,D E C
191,D E C
192,D E C
193,D E C
194,D E C
195,D E C
196,D E C
197,D E C
198,D E C
199,D E C
200,D E C
201,D E C
202,D E C
203,D E C
204,D E C
205,D E C
206,D E C
207,D E C
208,D E C
209,D E C
210,D E C
211,D E C
212,D E C
213,D E C
214,D E C
215,D E C
216,D E C
217,D E C
218,D E C
219,D E C
220,D E C
221,D E C
222,D E C
223,D E C
224,D E C
225,D E C
226,D E C
227,D E C
228,D E C
229,D E C
230,D E C
231,D E C
232,D E C
233,D E C
234,D E C
235,D E C
236,D E C
237,D E C
238,D E C
239,D E C
240,D E C
241,D E C
242,D E C
243,D E C
244,D E C
245,D E C
246,D E C
247,D E C
248,D E C
249,D E C
250,D E C
251,D E C
252,D E C
253,D E C
254,D E C
255,D E C
256,D E C
257,D E C
258,D E C
259,D E C
260,D E C
261,D E C
262,D E C
263,D E C
264,D E C
265,D E C
266,D E C
267,D E C
268,D E C
269,D E C
270,D E C
271,D E C
272,D E C
273,D E C
274,D E C
275,D E C
276,D E C
277,D E C
278,D E C
279,D E C
280,D E C
281,D E C
282,D E C
283,D E C
284,D E C
285,D E C
286,D E C
287,D E C
288,D E C
289,D E C
290,D E C
291,D E C
292,D E C
293,D E C
294,D E C
295,D E C
296,D E C
297,D E C
298,D E C
299,D E C
300,D E C
301,D E C
302,D E C
303,D E C
304,D E C
305,D E C
306,D E C
307,D E C
308,D E C
309,D E C
310,D E C
311,D E C
312,D E C
313,D E C
314,D E C
315,D E C
316,D E C
317,D E C
318,D E C
319,D E C
320,D E C
321,D E C
322,D E C
323,D E C
324,D E C
325,D E C
326,D E C
327,D E C
328,D E C
329,D E C
330,D E C
331,D E C
332,D E C
333,D E C
334,D E C
335,D E C
336,D E C
337,D E C
338,D E C
339,D E C
340,D E C
341,D E C
342,D E C
343,D E C
344,D E C
345,D E C
346,D E C
347,D E C
348,D E C
349,D E C
350,D E C
351,D E C
352,D E C
353,D E C
354,D E C
355,D E C
356,D E C
357,D E C
358,D E C
359,D E C
360,D E C
361,D E C
362,D E C
363,D E C
364,D E C
365,D E C
366,D E C
367,D E C
368,D E C
369,D E C
370,D E C
371,D E C
372,D E C
373,D E C
374,D E C
375,D E C
376,D E C
377,D E C
378,D E C
379,D E C
380,D E C
381,D E C
382,D E C
383,D E C
384,D E C
385,D E C
386,D E C
387,D E C
388,D E C
389,D E C
390,D E C
391,D E C
392,D E C
393,D E C
394,D E C
395,D E C
396,D E C
397,D E C
398,D E C
399,D E C
400,D E C
401,D E C
402,D E C
403,D E C
404,D E C
405,D E C
406,D E C
407,D E C
408,D E C
409,D E C
410,D E C
411,D E C
412,D E C
413,D E C
414,D E C
415,D E C
416,D E C
417,D E C
418,D E C
419,D E C
420,D E C
421,D E C
422,D E C
423,D E C
424,D E C
425,D E C
426,D E C
427,D E C
428,D E C
429,D E C
430,D E C
431,D E C
432,D E C
433,D E C
434,D E C
435,D E C
436,D E C
437,D E C
438,D E C
439,D E C
440,D E C
441,D E C
442,D E C
443,D E C
444,D E C
445,D E C
446,D E C
447,D E C
448,D E C
449,D E C
450,D E C
451,D E C
452,D E C
453,D E C
454,D E C
455,D E C
456,D E C
457,D E C
458,D E C
459,D E C
460,D E C
461,D E C
462,D E C
463,D E C
464,D E C
465,D E C
466,D E C
467,D E C
468,D E C
469,D E C
470,D E C
471,D E C
472,D E C
473,D E C
474,D E C
475,D E C
476,D E C
477,D E C
478,D E C
479,D E C
480,D E C
481,D E C
482,D E C
483,D E C
484,D E C
485,D E C
486,D E C
487,D E C
488,D E C
489,D E C
490,D E C
491,D E C
492,D E C
493,D E C
494,D E C
495,D E C
496,D E C
497,D E C
498,D E C
499,D E C
500,D E C
