id,Prediction
1,A B C
2,B C A
3,B C A
4,E B C
5,C B A
6,D B C
7,E B C
8,B C A
9,C B A
10,B C A
11,A B C
12,D B C
13,C B A
14,C B A
15,E B C
16,A B C
17,E B C
18,B C A
19,A B C
20,D B C
21,B C A
22,D B C
23,B C A
24,E B C
25,D B C
26,E B C
27,E B C
28,C B A
29,B C A
30,A B C
31,E B C
32,C B A
33,D B C
34,C B A
35,A B C
36,C B A
37,C B A
38,C B A
39,B C A
40,C B A
41,A B C
42,E B C
43,B C A
44,A B C
45,D B C
46,B C A
47,D B C
48,A B C
49,B C A
50,C B A
51,D B C
52,A B C
53,C B A
54,C B A
55,B C A
56,B C A
57,B C A
58,A B C
59,A B C
60,C B A
61,C B A
62,A B C
63,A B C
64,C B A
65,E B C
66,E B C
67,C B A
68,B C A
69,E B C
70,C B A
71,C B A
72,D B C
73,B C A
74,D B C
75,C B A
76,A B C
77,C B A
78,D B C
79,D B C
80,B C A
81,B C A
82,B C A
83,D B C
84,B C A
85,E B C
86,B C A
87,B C A
88,E B C
89,E B C
90,C B A
91,B C A
92,B C A
93,B C A
94,D B C
95,E B C
96,B C A
97,D B C
98,B C A
99,C B A
100,B C A
101,E B C
102,D B C
103,E B C
104,C B A
105,E B C
106,C B A
107,A B C
108,D B C
109,E B C
110,E B C
111,D B C
112,D B C
113,E B C
114,E B C
115,B C A
116,A B C
117,C B A
118,A B C
119,C B A
120,B C A
121,C B A
122,D B C
123,C B A
124,A B C
125,D B C
126,B C A
127,B C A
128,B C A
129,B C A
130,D B C
131,E B C
132,B C A
133,D B C
134,B C A
135,C B A
136,C B A
137,B C A
138,E B C
139,E B C
140,B C A
141,C B A
142,B C A
143,D B C
144,E B C
145,D B C
146,B C A
147,C B A
148,A B C
149,B C A
150,E B C
151,B C A
152,B C A
153,A B C
154,E B C
155,D B C
156,D B C
157,C B A
158,D B C
159,C B A
160,B C A
161,C B A
162,D B C
163,E B C
164,C B A
165,A B C
166,E B C
167,A B C
168,D B C
169,B C A
170,A B C
171,A B C
172,C B A
173,C B A
174,D B C
175,D B C
176,E B C
177,C B A
178,A B C
179,C B A
180,A B C
181,E B C
182,C B A
183,B C A
184,B C A
185,C B A
186,E B C
187,D B C
188,E B C
189,C B A
190,E B C
191,B C A
192,C B A
193,C B A
194,E B C
195,D B C
196,B C A
197,B C A
198,B C A
199,A B C
200,C B A
201,E B C
202,A B C
203,B C A
204,D B C
205,B C A
206,C B A
207,A B C
208,D B C
209,B C A
210,A B C
211,B C A
212,A B C
213,B C A
214,C B A
215,C B A
216,C B A
217,B C A
218,B C A
219,B C A
220,D B C
221,B C A
222,D B C
223,E B C
224,B C A
225,A B C
226,C B A
227,D B C
228,C B A
229,B C A
230,A B C
231,D B C
232,D B C
233,C B A
234,A B C
235,A B C
236,B C A
237,A B C
238,A B C
239,B C A
240,D B C
241,B C A
242,A B C
243,D B C
244,E B C
245,A B C
246,B C A
247,A B C
248,E B C
249,E B C
250,D B C
251,A B C
252,B C A
253,C B A
254,D B C
255,B C A
256,C B A
257,B C A
258,B C A
259,C B A
260,D B C
261,E B C
262,A B C
263,B C A
264,C B A
265,A B C
266,A B C
267,D B C
268,D B C
269,B C A
270,B C A
271,C B A
272,C B A
273,D B C
274,A B C
275,B C A
276,B C A
277,E B C
278,D B C
279,B C A
280,D B C
281,D B C
282,B C A
283,A B C
284,B C A
285,E B C
286,A B C
287,B C A
288,E B C
289,E B C
290,B C A
291,B C A
292,C B A
293,D B C
294,D B C
295,A B C
296,C B A
297,D B C
298,D B C
299,C B A
300,E B C
301,B C A
302,C B A
303,B C A
304,C B A
305,E B C
306,B C A
307,B C A
308,C B A
309,E B C
310,A B C
311,C B A
312,C B A
313,C B A
314,A B C
315,C B A
316,B C A
317,A B C
318,D B C
319,C B A
320,B C A
321,B C A
322,C B A
323,A B C
324,A B C
325,E B C
326,E B C
327,D B C
328,B C A
329,C B A
330,B C A
331,A B C
332,C B A
333,B C A
334,E B C
335,B C A
336,B C A
337,E B C
338,D B C
339,D B C
340,C B A
341,E B C
342,B C A
343,D B C
344,B C A
345,C B A
346,C B A
347,D B C
348,A B C
349,B C A
350,A B C
351,D B C
352,B C A
353,D B C
354,E B C
355,B C A
356,D B C
357,D B C
358,B C A
359,C B A
360,E B C
361,D B C
362,B C A
363,C B A
364,B C A
365,C B A
366,E B C
367,E B C
368,C B A
369,B C A
370,D B C
371,D B C
372,C B A
373,B C A
374,E B C
375,E B C
376,B C A
377,B C A
378,A B C
379,C B A
380,E B C
381,E B C
382,D B C
383,C B A
384,B C A
385,A B C
386,A B C
387,B C A
388,B C A
389,D B C
390,E B C
391,B C A
392,C B A
393,C B A
394,B C A
395,A B C
396,A B C
397,C B A
398,E B C
399,E B C
400,E B C
401,D B C
402,D B C
403,A B C
404,B C A
405,C B A
406,B C A
407,B C A
408,B C A
409,C B A
410,A B C
411,E B C
412,C B A
413,C B A
414,C B A
415,E B C
416,C B A
417,B C A
418,D B C
419,A B C
420,E B C
421,A B C
422,D B C
423,A B C
424,B C A
425,C B A
426,C B A
427,C B A
428,C B A
429,D B C
430,C B A
431,C B A
432,B C A
433,D B C
434,C B A
435,C B A
436,D B C
437,E B C
438,A B C
439,D B C
440,C B A
441,E B C
442,D B C
443,E B C
444,B C A
445,B C A
446,B C A
447,C B A
448,E B C
449,B C A
450,E B C
451,D B C
452,B C A
453,A B C
454,B C A
455,A B C
456,B C A
457,D B C
458,B C A
459,A B C
460,A B C
461,A B C
462,D B C
463,D B C
464,E B C
465,E B C
466,D B C
467,D B C
468,E B C
469,C B A
470,A B C
471,C B A
472,A B C
473,C B A
474,E B C
475,A B C
476,E B C
477,A B C
478,B C A
479,B C A
480,B C A
481,A B C
482,D B C
483,A B C
484,D B C
485,C B A
486,B C A
487,A B C
488,E B C
489,B C A
490,B C A
491,C B A
492,D B C
493,D B C
494,D B C
495,A B C
496,A B C
497,B C A
498,B C A
499,E B C
500,C B A
